1.403071967851694498e-03,3.458094937616396775e-02,1.964765584941681811e-02
1.183480812120853154e-02,6.606031143205486067e-02,3.287340369523891054e-02
-3.774199896620357431e-02,-7.017751380291547408e-03,-2.723884497433649854e-02
-3.919737766142691177e-02,-1.959764731011080438e-02,5.576194136955219677e-02
3.136102281082702586e-02,-2.429296914649172953e-02,-1.863961214880200876e-02
-2.285888285705860168e-02,-3.573139497376902340e-02,4.646996842315773840e-02
2.038429962724606220e-02,3.033916065791947628e-02,2.068268664061457054e-02
-3.874694968401329320e-03,3.721723437912146520e-02,-2.294642657877201536e-02
2.675696394281595891e-02,-8.198092406093300533e-02,-3.329160781396547919e-02
-4.751586494853156373e-02,3.699287341823843250e-02,6.638861168394818990e-02
-1.249931249068909726e-02,3.422830860306994710e-02,9.159365445765461911e-03
-2.811035611316654859e-02,3.462561046026658290e-02,3.304583607879524321e-02
7.359717123928453952e-02,-3.693045281438616517e-02,3.258654925719425138e-02
3.373054999504754292e-02,-1.183333476594610953e-02,-3.167759767593716219e-02
-3.400041370409936231e-02,4.168999915237273091e-02,-1.528811878682246120e-02
-4.695244972143176182e-02,-4.243407176078465431e-02,-3.214251483788422431e-02
4.227755447856830495e-02,2.712492816092872822e-02,1.943176653904946094e-02
3.397093753130565885e-02,-3.148996764620873301e-02,-1.895984950930231991e-02
-3.983980607725483986e-02,1.749776467078377126e-02,3.655261543786108430e-02
-3.927034545171158297e-02,-3.042859922916046900e-02,3.645514319379318524e-02
-1.566677838986754029e-02,-8.879607310442790696e-04,3.557737142904297128e-02
-1.353955078193703684e-02,1.191856690048627085e-02,3.487053639798672056e-02
3.179463707523985661e-02,-3.676004501214293757e-02,-7.575296554269905780e-02
3.210544097953329373e-02,-2.211107859377776756e-03,6.096795557976473351e-02
1.542552085188577879e-02,2.794619549416254775e-02,-5.996373600928916157e-03
-5.674323432463122818e-03,2.326486951588707577e-03,-8.835749196582794694e-04
-5.041840701482944859e-02,-1.557845388941509097e-02,-1.655845932612020482e-02
-4.592394546136746580e-03,-5.980922882869881864e-03,-3.095665472083345207e-02
2.146198108516949449e-02,-1.120881809572880309e-03,7.271185098232527469e-03
2.641981028697290047e-03,3.023590691257037333e-04,5.500102985076291140e-03
5.306284779916884548e-02,3.560435283940049239e-02,3.127875420914150162e-02
1.620061708439636192e-02,1.682885756724814344e-02,-4.212730066285660241e-02
3.535195503370418962e-02,-4.649896879677588302e-03,2.989935523209192453e-02
-9.357939886453335229e-03,1.535225251698356559e-02,2.891382140075453300e-02
7.184843758864269125e-02,1.735731747495383726e-02,3.150855750534016508e-02
-3.175161809251718370e-02,1.200615557969452775e-02,3.562564573156513925e-02
-4.495328697909692361e-02,3.269769923096360609e-02,3.334976264446650254e-03
3.217511235071826570e-02,-5.208186691168063820e-04,-3.195064319524166391e-02
1.091352131077046733e-02,-2.136728000622396817e-02,1.097740724967531320e-02
1.101687483467921405e-02,6.792563533896966294e-03,-4.640075770833957530e-02
3.264139711041026681e-02,-2.924948942969086627e-02,7.864558155232641290e-02
3.051076471637870213e-02,2.850738442966197633e-02,2.264038044986543818e-02
-3.430984577525415108e-02,-1.682387748197460009e-02,-2.853928290361610123e-03
-3.188162962160163288e-02,-3.263369075622440246e-02,3.813180507902400040e-02
3.010778976244275068e-02,-1.213829937448472965e-02,3.242426575940521305e-02
-1.852248997021009244e-02,1.114449787407577677e-02,3.030475997945919486e-02
-4.151477549285443464e-02,1.471368780080721875e-02,-4.010273751382632118e-02
-5.397907847260231991e-03,-3.114193689714563062e-02,-3.352411204142628776e-02
-1.206428762108860409e-02,-2.233415329021346332e-02,-7.389824927636175905e-03
5.323200854016758160e-02,-3.718374447701847801e-02,3.939891407697457444e-03
-3.640082592935224570e-02,-2.818998299273390868e-03,-3.145160576054117918e-02
-1.921593159958447095e-02,3.699476283027527262e-02,2.854209617610686464e-02
-4.014303533502400212e-02,1.338690445798474023e-02,5.057452859670124451e-02
-4.522315775243817421e-02,-3.032308800448868524e-02,3.096920880164520662e-02
-3.305747690250700893e-02,3.010145411714893610e-02,-1.238421831178903275e-02
-5.881240614588077037e-02,5.388054347660494597e-02,7.892814234175174470e-02
4.234361009373893703e-02,1.932115401386748366e-02,1.581071907912783708e-02
-2.225144505252240126e-02,2.105398140423723335e-02,-2.654739227563615231e-02
-2.563367949183862488e-02,3.034798830880027637e-02,1.947446644513264186e-02
-3.674722526891796570e-02,-1.075365692349428831e-02,7.135808349318772253e-03
-3.305272005664647988e-02,1.375496886887126943e-02,4.312335818414837069e-02
3.638813371322684870e-02,1.599382083736065885e-02,-3.628641414616054495e-02
2.641180630265670820e-02,-3.018990998198856079e-02,-3.658555015010375028e-02
4.211476175600450435e-03,4.297099793350227931e-02,-3.891205015560941088e-02
-6.282571204219306038e-02,-3.020766197267495123e-02,-5.473355914798303662e-02
-1.931747306215296153e-02,2.206867235526548815e-02,6.876757996894453107e-03
3.164857731503298993e-02,-6.542118387988084260e-02,-6.053298152404910232e-02
7.621716355090944230e-03,6.524009885424207622e-02,4.420933660515269370e-04
4.075823851878845883e-02,2.807112941226864999e-02,3.131801695486634458e-03
-2.695794044086152405e-02,-2.464677573653971734e-04,-4.256835238572655861e-02
5.637374504323743041e-03,2.275683136648374086e-02,-7.748221558360286407e-03
-3.907394454353259328e-02,-8.124311546047280688e-04,1.577876807874697626e-02
-9.736488743124448869e-03,-3.748059168005873215e-02,3.828488427665246996e-02
3.727121547932295970e-02,-1.375622723554799885e-02,-3.783854695085255015e-02
-1.677523899087283304e-02,1.884040556993697713e-02,-1.520789118306629939e-02
4.040797441472111090e-02,-1.380257973736568125e-03,2.772313535213718344e-02
3.260506969572184860e-02,1.182825409277366534e-02,-1.381333878082208894e-02
-2.437405384276011486e-02,-2.124613171491904901e-02,2.314722552018104451e-02
1.754948083916239854e-02,2.673053300859289105e-02,-3.188601251231897027e-02
1.625181555736266922e-02,1.482167042922357195e-02,-1.190977158642708353e-02
-4.091885971010016110e-02,4.188390241714946144e-02,5.590361166244289109e-02
3.462109573380466043e-02,3.093385642784041850e-02,4.021446445585842577e-02
-2.501199575108531067e-02,-3.811507671809068881e-02,-1.280490056577053559e-02
-7.703856306410716490e-03,3.537467680368502204e-02,-1.911669309815684087e-02
-2.572488357218167057e-02,5.232649352753321326e-02,-3.080503614443967295e-02
4.419378749259422756e-02,3.000889276119519250e-02,-3.376937344296144367e-02
1.788503208110852477e-02,2.885815810769728693e-02,-6.101322448604869914e-02
3.437537429465924860e-02,-8.457224728840022354e-03,-1.826647099851137421e-02
-2.360549428127047683e-03,6.062055884314281745e-03,-4.891610096557145321e-02
-2.415372311115912551e-02,3.791559008934589081e-02,-1.035475027778240582e-02
-3.276366859038631896e-02,3.029206424048987503e-02,6.307346083105845602e-02
-4.196552400783729736e-02,3.698132238816400491e-02,4.491323872795576627e-02
-2.293347422208666386e-02,2.817689391445992592e-02,-4.141645337013125788e-02
-3.730304734776785508e-02,-5.988023899102217634e-02,2.924981712012953219e-02
-2.832422152390857636e-02,2.068800246055488637e-02,-3.597454594669122901e-02
3.948079368573766124e-02,-3.314275759114845843e-02,-1.758210663812843737e-03
1.089374611733890698e-02,5.621687976239330559e-02,3.111747386587682129e-02
5.971937734936268866e-02,5.822364101028956046e-03,6.673844567316993687e-03
6.601295523037306254e-03,-3.954003384451898473e-02,9.604731710537722442e-03
-4.011007162723948666e-02,-6.311548629304653685e-03,-1.100114769100465732e-02
-2.447966959898173131e-02,1.534451641766965135e-02,-8.437593677205174059e-03
-6.473671396798376387e-02,1.938847078100295815e-02,-5.435579019684626603e-03
4.869326982034144491e-02,3.237354492560666486e-02,-5.006600080909515138e-03
3.651522221618631880e-02,-4.464451034121254269e-02,2.603937160580569593e-02
1.817495916037851350e-02,-1.120699990852520346e-02,-1.553107585563745507e-02
1.661323609341826268e-03,-5.447625725151904880e-02,-4.373768007787950940e-02
-4.550708942974077131e-02,1.022240494533225956e-02,-3.647041558684824269e-03
2.146770492765048919e-03,-9.008247559851734892e-03,1.872663864440337125e-02
-5.630512428529684671e-02,4.108296363081421348e-02,5.806887235315649071e-02
3.558781909566544055e-03,2.394836932866447471e-02,2.135325895665686480e-02
-3.504999328173143830e-02,3.678210810011037918e-02,-1.984272832884327945e-02
-3.568376501482894286e-02,-3.558230805615229114e-02,-7.039748407540985520e-03
-2.927494929240457774e-02,-3.117067637645285286e-02,4.063147114823453809e-02
-3.872964469064346660e-02,-3.210739379325826259e-02,-9.770106321629759907e-03
-3.165252384218817522e-02,2.859397317960121754e-02,-3.383869100099388960e-02
2.295216677564150196e-02,3.510834536258060357e-02,2.868587407641812366e-03
-2.543828233789893409e-02,6.058607544543179874e-02,-6.755383722827374565e-03
1.049999647366709268e-02,4.311455449796961631e-02,3.099184570343065104e-02
-3.772853767322244256e-02,3.432558460878826039e-03,2.895257812604611677e-03
-9.729330267184832862e-03,-2.019871080115593319e-03,-5.663384523579249180e-02
-2.376709270860443562e-02,-3.626380943483258068e-02,-7.924196202621616725e-02
2.165999901300226863e-02,3.623216015320758487e-02,-1.698349407321996657e-02
4.647769574729478798e-02,9.696458979684095814e-04,-7.480827814190918468e-03
4.173306845999984888e-02,-2.667177645554441590e-02,3.343522196575721833e-02
6.404406521231002791e-02,1.228213397943823601e-02,6.062706596389142236e-03
-4.974430658324832666e-02,-4.225822663175991811e-02,-4.623315980519105382e-03
-3.415657490063821189e-02,2.171862891707083965e-02,-9.275283105605965084e-02
-4.378069295183054099e-02,4.260649167761942219e-02,6.135996978742413316e-02
3.306405016495451987e-02,-4.856388808085332354e-02,-5.432120483717454290e-02
-6.967956642824400457e-03,7.493477508767223787e-03,-3.546967423116238055e-02
2.619741780352540308e-02,-7.762384846344901057e-03,-1.318727530269028954e-02
-3.851286758859861353e-02,-1.325055662581600679e-02,3.211008916857144291e-02
-3.167541089908734037e-02,-3.760901206783306971e-02,1.391490038972354251e-02
2.184491801297310659e-02,2.099808194323547761e-02,4.159322852603378542e-03
-2.767984885857938809e-02,5.107532944176140788e-02,5.411314957320281088e-02
-6.169621699660963327e-02,2.676226827870672315e-02,-5.376845722684133605e-02
-3.454611615994467727e-02,-2.748305236048561445e-02,4.857181195183304760e-03
5.111910263258970070e-03,6.822254350883352747e-02,-2.433397173345509465e-02
2.729855926313434419e-02,3.898769948628311860e-02,3.091607259662459278e-02
-1.843585549878937885e-02,-2.880570239698895807e-02,3.360804300129661970e-02
-2.310350066363554486e-02,-3.831860464620404777e-02,-4.665831713985737345e-04
4.494046690659989768e-02,3.585033390800213687e-02,-3.418887196513951260e-02
1.820152062158282569e-02,-2.227390843737354909e-02,-2.946060311576980881e-02
2.209468061401240017e-03,3.437250663398856709e-02,3.776313013384807044e-02
2.255605780608516825e-02,2.287452786556109716e-02,-2.725232680559176029e-02
1.714892817209615408e-02,-1.296741223718664814e-03,3.279202592787940768e-02
5.686636190316736450e-04,-2.971584077683495084e-02,-4.815272380867151314e-02
1.240360217882497534e-02,3.104472131852927495e-03,-5.456158337369309413e-02
2.953168107076908910e-02,1.802969994776624542e-04,-1.144876580625367110e-02
3.510039953988933897e-02,-3.332112927855056250e-02,3.925150447487066319e-02
1.564378948589816715e-02,3.583495693735103127e-02,1.249281265933822362e-02
-2.813979037357556418e-02,-1.689949973426373500e-02,3.383896376859280714e-02
-2.754845233045177463e-02,-2.836116439618173099e-02,3.395562947902813072e-02
-1.251142916123827373e-02,4.122504449648407843e-02,-3.117802807193478798e-02
6.800869780857651814e-02,-5.334920021684051022e-02,9.490880906384495386e-03
1.445135558116250954e-02,2.794889943308276597e-03,4.798287200222009496e-02
2.705791073730881569e-02,2.164744957310535400e-02,4.824219381279096219e-03
3.420872067830063590e-02,-6.273711561689360172e-02,-3.175302620289962435e-02
-6.863870939362382365e-03,-1.716572727105993013e-02,-7.049380963065537964e-02
-3.353968809874210283e-02,-9.281291297220553398e-04,3.138447186382193471e-02
9.327840033903085637e-03,-5.564499148047465787e-02,-3.014698359532456962e-02
5.278015556165211591e-02,5.472872420273165034e-02,-4.145586126572865793e-02
-3.959808767510203387e-02,-1.954906631501363706e-02,-4.023581779016184579e-02
-8.319285870599774091e-02,-1.806513813532647367e-02,1.361991079741355082e-02
1.459537980091583399e-02,-4.950893410395922761e-02,-3.062773900999596344e-02
3.675338446978173440e-02,-8.374755347436128872e-02,-2.391957002551192354e-02
3.612980455778718597e-02,-1.565802578106953447e-02,-3.032585452125019509e-02
3.296000359927157841e-02,7.804615584220095902e-03,2.141155659794090685e-02
7.324959633977969758e-03,-2.275200520404967522e-02,3.889036463475552263e-02
-4.089372603072756462e-02,2.329222717350074370e-02,1.430975926124594851e-02
-1.257892943768301394e-02,1.030009275322382560e-02,2.558024460769360228e-02
-1.812897065257618873e-02,1.615451893508765974e-02,5.012412746279362036e-02
-1.641216073686639285e-02,-4.257986211723745890e-02,-1.897244922355680301e-03
-3.088600026107002350e-02,-5.520626730910811047e-02,1.309302837363606614e-02
1.391961348072287552e-02,2.598531891644348044e-03,3.140970803983976489e-02
-2.452330878274026210e-02,4.960789886262113174e-02,-3.138588482074816666e-02
-4.571220310446526269e-02,2.185150998755136520e-02,-4.203897986488933092e-02
-3.290950761366167460e-02,-1.139099185673591447e-02,-3.805486316181509732e-02
3.193360294662995341e-02,-5.217028059473843155e-02,-6.447828722397182244e-02
4.244227672288480857e-02,7.623828463695723340e-04,-2.445202706993175427e-03
2.568472184105796002e-02,3.264283808118996835e-03,3.435172975094464426e-02
-7.143552512522056974e-02,3.645930013357114030e-02,-2.898754309165096216e-02
-1.283397652291793332e-02,-9.587754987037880663e-03,3.345866693829210869e-02
9.266034394456055742e-03,1.624271315344246250e-02,6.227564776656233786e-02
4.662494769401874517e-02,-2.683103628442670696e-02,3.597314068214092081e-02
1.042104061183896611e-02,3.451379019179756646e-02,-3.983900546178207464e-02
3.474314754015226520e-02,2.121698248638863651e-02,-2.053832332031529234e-02
-3.563981163704822708e-02,1.824796496528114514e-02,-1.448912377204074516e-02
2.116483757040764010e-02,3.747095857771302191e-02,3.856136569314140561e-02
-2.324847956859937489e-02,-3.808209387850784722e-02,5.753310629585253050e-03
-1.426494360584561541e-02,-5.549948803326191366e-02,1.132355774055282711e-02
-4.238947103267288324e-02,-4.800127974459221167e-03,-4.129941931563158725e-02
3.166102243009876610e-02,1.598333831303076769e-02,-3.451668240380265096e-02
2.663987301975968489e-02,-3.229350262176431795e-03,-6.986919117667686474e-02
-4.314657931742769265e-02,6.683849119678389461e-02,-8.004064417324931527e-03
-5.035685458084819544e-02,1.577019202810651943e-02,1.225804160998333892e-02
-3.868898022913992013e-02,-1.101097208314665184e-02,-2.811712313496852328e-02
-3.675614517917363822e-02,-5.488876737034498882e-02,1.129637013389963619e-02
1.307813269454378632e-02,2.252606852790902878e-02,-1.931625076471051375e-02
-4.745092556554587893e-02,-6.729319548770210796e-03,-2.141072799507192856e-02
3.402060904894391863e-02,4.101747892515016786e-02,-3.460298900575321107e-02
2.989650254780589801e-03,-1.501535797505237219e-04,2.063821042696494662e-02
1.362342930260462825e-02,3.196856050366530394e-02,-7.738808373941436641e-03
5.111528287395473297e-02,1.424281902490835867e-02,-8.017655105567705887e-02
6.853298472669333563e-02,-3.725781982690981597e-02,-2.430766495577266206e-02
-7.947020028894823118e-03,-1.161917493863265328e-03,-6.603433838775740750e-02
-3.447585799303438253e-02,5.488555365475183967e-03,3.072298974525744519e-02
4.503640706237605450e-03,2.817008605493600062e-02,1.703444163699352823e-02
3.065407867036310657e-02,-1.567223123753326217e-02,-3.831366529448170660e-02
-3.616059966877761128e-02,-2.027950471125718017e-03,1.336153561581175132e-02
3.369972066613280415e-02,1.136313971760786502e-02,-5.400740941748375518e-02
-2.826970030705471676e-02,-5.924367454979908437e-02,3.581169501669951433e-02
-1.645252349256751123e-02,-1.247664430855455545e-02,-4.237162494889711722e-02
-1.609144590547736259e-02,2.781979754755412038e-02,-3.560122090993184801e-02
7.563312716446208769e-03,3.749653231809284282e-02,-3.423391752751727551e-02
4.600840942248163312e-03,3.781001843253208039e-02,-3.781037225397525930e-02
2.586666833980944338e-02,-2.518202503257202171e-02,3.596812195300690129e-02
-1.897148603579897411e-02,-4.265496244531503250e-02,1.145128801309830413e-02
-4.235046202950713649e-03,3.136309605830586711e-02,-3.321703540410966132e-02
-4.678553117888123447e-02,5.074909887884397619e-02,-3.620640252486576754e-02
-2.334266076428926154e-02,-3.594130014410499424e-02,-1.925713728205231262e-02
4.665714395111654825e-03,1.606790968842426726e-02,4.221294602782608291e-02
3.915434300454125743e-02,-5.127481371092681289e-02,3.058861737616662413e-02
3.672897295634595938e-02,3.164159691064116070e-02,-1.976342217410519131e-02
1.426694038853230061e-02,3.744877690339458443e-02,-3.273610382680929021e-02
4.960867811678009581e-02,-3.787929791047365408e-02,-1.083415153186148214e-02
-3.590181620762430970e-02,7.952067732123785804e-04,1.727477210527024118e-02
6.032566845766710456e-02,3.999213196477206800e-02,-4.543853842966245199e-02
3.609631984022446116e-02,1.055175902893455524e-02,-7.054709946409785763e-03
-3.974946413655485768e-03,-2.853652449467205133e-03,-4.407308604840123184e-02
-1.764339781462677739e-02,4.286335413978261538e-02,-5.842600663371152331e-02
-1.846612047037324983e-02,-3.870767335299592216e-02,-3.955307178232430471e-02
4.377254559371131920e-02,-2.332700890823390452e-02,-2.540567296601774910e-02
8.062841570949653286e-03,-1.917709483375093157e-02,3.276081719031501832e-02
-2.436523649721310941e-03,6.889064661815093478e-03,3.326271139292509560e-02
-2.679159193802171240e-02,-2.358732502749912724e-02,-9.766326545166627640e-03
-9.984143910010052567e-03,-1.050127346295369121e-02,3.529252992244059136e-03
-4.394287147810604227e-02,3.069855505943564281e-02,3.912905636074224397e-02
1.712413983550818003e-02,-3.701110771964894602e-02,-2.854820946331973128e-02
3.009204052926880285e-02,3.109154461710068006e-03,-7.399591945107555219e-03
-1.372770290166486391e-02,1.575786019391862275e-04,-3.725276535619576491e-03
-7.309123480736531148e-03,3.573726941664036316e-02,-6.046267136897182787e-02
-6.564663967989341556e-03,-3.038435429358730261e-02,2.171390760183901716e-02
-2.705411306657345971e-02,-6.776638731882814182e-02,-2.666678125505308333e-02
-3.214044840136161957e-02,1.800760507046046677e-02,-1.576161013877004982e-02
-1.388159849323152353e-02,-3.163742732334442337e-02,7.084329052617922839e-02
5.563206516433621268e-02,3.645243502903387778e-02,-3.438788568368183335e-02
-2.338800527799671410e-03,-9.966102090321150853e-03,8.830816707971853030e-03
2.988667758793246525e-03,-1.830399863765944449e-02,2.838931697335511650e-02
1.118797606018862197e-03,3.643053725830840833e-02,1.242236691553127298e-02
2.970767348006043626e-02,4.018370203457917456e-03,-3.124417371511056807e-02
-4.781351856466961245e-03,6.083242481686784026e-02,5.127855325720032109e-02
-5.356760721620732260e-03,-6.754976870237322517e-02,-8.755246578023713477e-03
-1.190828659976351026e-02,-3.804768136945798490e-02,-3.935771604181360905e-02
3.121655024761831043e-02,-6.201744324309544504e-02,-6.036169585825005429e-02
-2.860653713371408280e-02,3.464310612786775101e-02,7.992158174587449260e-02
3.111824828847058882e-02,5.494964244509761148e-03,3.654514724131356640e-02
3.026036801350061312e-02,2.369419705206724999e-02,-6.139022256656945925e-02
4.985313240975043636e-02,3.044486356450708947e-02,3.104633798005591513e-02
1.278117842285032661e-02,-5.015252862074987689e-02,-3.116646685403622052e-02
2.276181954799825699e-02,-3.181020947975413127e-02,2.993740905544448744e-02
-3.916876561917580907e-02,-2.276484571402700389e-03,-2.982026778781116105e-02
-3.031672707109025339e-02,1.890986881621896029e-02,-2.102702489975535535e-02
4.076335880165296577e-02,-3.775171721938445218e-02,1.370585374343451582e-02
2.298785967946109440e-02,3.909479878719050207e-03,-3.250199854816730044e-02
5.474977631596166655e-03,1.059832259920774969e-02,-1.605459415206031068e-02
-2.914957737690413581e-02,-1.643537362358415965e-02,-3.405570650136596766e-02
5.487146915505492634e-02,-3.751461429128261776e-02,-4.164660946002306935e-02
-3.742858771462682921e-02,7.026281815874774531e-03,-2.385183272905034430e-02
-2.896718951776897089e-02,2.927097401012430933e-02,-1.712599351035747411e-02
-3.390309211487275987e-02,-1.418486727380318876e-02,-3.136635015372619961e-02
7.452189964739180592e-03,4.821804089304100420e-03,7.834356768293466999e-02
1.151248667317037247e-02,-1.456161067813665361e-02,9.212987415585280337e-03
-3.217671629315405069e-02,-2.884125546559310367e-03,-1.282814574690568921e-02
-6.344698285493882706e-02,3.394514251655576104e-02,2.456518352569226141e-02
-1.208834093197874889e-02,1.212020886625072083e-02,-5.573415075871566288e-02
2.979703568064518554e-02,2.883900781265175822e-03,-1.898960408470810532e-02
6.840692990030959597e-02,-1.610126435887453480e-02,1.996944576538423749e-02
-3.186855958771909331e-02,-3.166763950278656675e-02,6.624506724090235311e-03
-1.721931550536159178e-02,-3.841669901909080392e-02,-2.218311552677752763e-02
2.083613245346975854e-02,2.785027697310454853e-02,-5.988750602242865623e-02
3.080766893549446300e-02,-3.603487625991753235e-02,5.694107918692486309e-02
2.407900327835211379e-03,-5.709261858792002119e-03,-2.472579812245039033e-02
3.171018867304874894e-03,1.722277629622467193e-02,-5.874925130435181692e-02
-3.328547167938222112e-02,1.602956449826287502e-02,-3.044678462013398340e-02
2.868934186660720281e-02,-2.199925278924712031e-03,-8.566151528440328622e-02
5.701701220105166723e-03,-5.040181378052999844e-02,-2.442332645597954446e-02
-3.282038213752937889e-02,-6.731642257097135429e-02,3.627745011006341946e-02
-1.464482554968222355e-02,-1.291731107256649524e-02,1.584840722120823761e-02
2.615928339200628006e-02,-5.265076230346737302e-02,7.916054855692295292e-03
5.930209162052291899e-02,-9.235949159545358070e-03,2.990400314243778224e-02
-2.213759538946900515e-02,1.251737127966490518e-02,-4.049750493941012275e-02
-3.364549332763257239e-02,-1.924723174105038778e-02,6.177042483124139255e-02
-5.266732678014845320e-03,3.165622805095461706e-02,-1.972650590107907775e-02
1.165382152288811646e-02,3.371663503190398120e-02,1.407440969243881589e-02
1.153840781557034095e-02,-1.482401072853072911e-02,-1.614308694677418776e-02
-3.470228263136927727e-02,3.207710787385960327e-02,5.186864469141929529e-03
-5.860527677991646256e-04,-3.695695487621014630e-02,6.524174444774381160e-04
-6.071924178582775548e-03,1.072550251575444050e-02,3.843037366915653258e-02
-1.907138821821523916e-02,-6.070547235784410495e-02,2.638854749707673225e-02
-1.575786407787151296e-03,-5.619876773444882484e-02,-3.214664025846564882e-02
-2.377880157695070468e-02,8.343196773017375056e-02,-6.630290590116324351e-03
-9.747715057404075963e-04,-2.095301656139413743e-02,8.430247164318308006e-02
1.594737494939594234e-03,-1.022268598479833882e-02,-8.222753261523219059e-03
3.641415919191652584e-02,7.409878849915921446e-03,-2.585946524889220707e-02
-1.080026631285433553e-02,3.113416240523290968e-02,-1.449284631687207392e-02
-4.403465298345281970e-02,-3.291261408081389006e-02,-6.478002615289425725e-02
-3.639938378721001982e-02,-1.541869211789329355e-02,3.120930334404157375e-02
5.217662809142201846e-02,-5.104982567680572784e-03,-5.593287922514227767e-02
-3.647496433211758898e-02,1.633876914583214102e-02,1.144142911615847816e-02
-3.520632161838608415e-02,9.858977298757147512e-02,1.350868439173032523e-02
2.903385590152221529e-02,-9.815134343900768638e-03,-5.116585404340465854e-02
-3.268563011589731282e-02,1.249486999809684869e-02,6.646099993551565777e-02
3.205220347202610010e-02,-2.089885867605528053e-02,-6.138952821336114002e-02
3.078670809561047036e-02,-8.890352399597617472e-02,-1.995967506628775964e-02
-2.466762758909818443e-02,-3.103542746685245685e-02,6.338291647306909526e-02
-3.505993043212935617e-02,-3.670136883174440062e-02,1.645396425276763122e-02
-3.192739761208544108e-03,-9.550922050203896480e-03,1.432369090847235467e-02
2.097560230338525733e-02,1.712112982071204229e-02,3.088558863243445057e-02
7.337080700438160241e-02,-1.042712867807232130e-02,-3.142532561386491424e-02
7.166148653223206044e-02,-2.594834302587224403e-02,2.227935149984994548e-02
3.695973374216378338e-02,3.335034102616179358e-02,4.059273477703920913e-02
-3.878398341286691531e-02,-1.072461032332045275e-02,-9.506854442500435945e-03
-2.309992912562935929e-02,-3.771281832887025866e-03,-2.231587678890490159e-02
-3.627223248341129164e-02,-3.578270782962194446e-02,-1.939726843364237424e-02
-3.143105561156122468e-02,-5.865717718612454418e-02,-2.433315383217018145e-03
3.678630338957305373e-02,7.267247692292552741e-02,-3.118832387223485769e-02
-2.722726871004054264e-02,-3.328822131580292526e-02,-1.194209732517240302e-01
-2.605418610223600440e-02,4.206336337280400239e-02,1.213489596655083561e-02
-3.764583820781255280e-02,-1.902169993298154227e-02,2.676677906023340603e-02
2.069474292393522208e-02,-1.417552476439766854e-03,1.198481639634205349e-02
7.234461391210666482e-03,-2.235176041534344543e-02,-2.381474678992834271e-02
2.934720602971789896e-02,9.518878990765001005e-03,-5.304176490338041033e-02
3.061011382510874651e-02,-4.753435166670490208e-03,-8.212665303130539662e-02
-8.959756189158995035e-03,3.751312992562011450e-02,-3.691889621393346782e-02
1.129256693032108794e-02,2.690212343648607299e-02,-2.268517227077401777e-02
-4.204653572302591985e-02,3.294216369782791698e-02,7.401651553224553037e-02
5.665104205186329532e-03,4.762134636035786350e-02,2.359069519746758575e-02
3.353183453210709791e-02,-2.505725425540886522e-02,-1.413971929823029661e-02
1.548323338197026000e-02,-3.368967945399828356e-02,-1.355069427619015263e-02
-8.571165066516639799e-03,-5.412199423054130792e-02,1.675423042299182923e-03
-2.093423780285539465e-02,-3.586318241599197737e-02,3.469788194892924624e-04
6.250848467195740943e-02,1.872853708521611885e-02,-4.955918043873247178e-03
-1.641072585178398463e-02,-1.511000566814051961e-02,1.909490039415275096e-03
-2.687204324558051943e-02,3.992525191563962156e-02,-4.420243990580284554e-02
-6.233624659802690024e-03,6.804417950798587536e-03,3.770759594100887152e-02
-3.217899203505069500e-02,-1.035974672474587882e-01,3.611983271469770829e-02
-3.529829716440077009e-02,4.327965150333411282e-02,2.864473103031846268e-02
4.326150529914004131e-03,-2.670519452263699772e-02,-3.027126750326301560e-02
-3.827376495215119995e-02,-4.567586354441516283e-02,1.358171340503226687e-02
-2.103709341200012128e-02,3.105233210127868876e-02,3.558840813474954679e-04
-9.573280843300301102e-03,-6.967796729905674502e-02,-3.418179181771248409e-02
-1.077270642361217827e-02,2.489469221236619706e-02,8.938080283291767805e-03
6.506965870780603844e-02,1.420066426636181975e-02,-2.915313351116562146e-02
-2.861462781889162303e-03,5.651846262199597404e-03,-3.493900581433161123e-02
-3.426723087194254169e-02,3.153968503830532205e-02,-3.013935982136321107e-02
-2.698040590892379631e-02,6.264925036843674300e-02,3.239678300819738566e-02
3.988786877852187190e-02,1.931343949259309474e-03,-5.867706201156282914e-02
9.633025577125968464e-03,-3.652547851495280967e-02,-1.683354469372448864e-03
3.101054208639629495e-02,3.894184307676985812e-02,-4.490756661835271224e-02
3.031626532752414865e-02,-3.660329977905817794e-02,1.008493977082463959e-02
-3.744391039440549823e-02,2.251056040330128363e-02,3.143902471143749516e-02
4.530255022921941821e-02,-8.513195705481532011e-03,3.547150420209631630e-03
3.169105176947372565e-02,5.208420817665319891e-02,-4.093566572633750011e-02
-2.763607964107279297e-02,-1.781713440350662231e-02,-6.717902006819269356e-02
-7.715332537082869591e-02,7.356144056532938277e-04,3.009159684082778757e-02
6.409549877365855464e-02,-3.794640187427166661e-02,-4.232766770230459580e-02
-1.787614881944356998e-02,3.266044136153771482e-02,-1.752132796980815713e-02
1.599890353156627719e-03,-6.566653596570357077e-02,-2.915488680910516273e-02
-1.190419578707486298e-03,2.323656829930947909e-02,-5.115152984005063436e-02
-3.911950744810242797e-02,-6.914331416372421907e-03,-5.367209578357990535e-02
3.271315745961247967e-02,-2.086230398234320549e-02,3.951218272664013681e-02
2.637021866890930724e-02,9.737569794392546274e-04,-6.820971891963648059e-02
2.297402129885452865e-02,3.634644459938628919e-02,-1.655895722792042821e-02
1.826799230169891611e-02,-3.270148688020289851e-02,4.329365275201217667e-03
2.650436154825855373e-02,-3.771639419415911965e-02,-3.728013728235273633e-02
-1.562029358771716350e-02,-3.445391312067135059e-02,2.713378376496770189e-02
9.788688117570427602e-03,2.283537482521514044e-03,3.255596784283410622e-02
-3.034313412184342501e-02,1.079732218640767211e-02,3.592079534236975596e-02
1.616757583671275117e-02,-1.709836588747082504e-04,-2.305299524946793910e-02
6.611426486371670130e-02,-3.200494542622999566e-02,-4.626165853792384153e-02
1.685272563804007112e-02,-1.956828131867873605e-02,-8.296480483485847712e-02
2.335420979307255285e-02,4.152934112262206962e-02,1.516846427907714550e-03
-4.290272533774831115e-02,-3.425753613298933298e-02,-2.765363268852378403e-02
-1.668577678209626214e-02,-3.763325014061227186e-02,3.291559167344014492e-02
7.942316618139743864e-03,-3.072202930955836644e-02,-3.646304899009401856e-02
6.236655021783534675e-02,3.512268120471444266e-02,-1.194708761836931268e-02
2.841301370984692862e-02,-2.194831626514176515e-02,-7.149745839427000538e-02
-1.601313935179974821e-02,3.751363504266555515e-02,2.961888602140430593e-02
-3.334065783281640188e-02,3.455369833181545780e-02,3.961888578549880441e-02
-2.937197031406523287e-02,2.452915441748887773e-02,-4.716317243876150256e-02
2.600325947918714214e-02,-1.893159834509260814e-02,-1.049641753805023552e-02
-3.202264773486404592e-02,6.108828247601116174e-02,8.969463700235703191e-03
1.792795515111532054e-02,-1.729443919492296838e-02,-6.095459828089095505e-02
5.920166145618004777e-02,-1.793796663798694069e-02,1.017371286723136453e-02
-3.186186214169498682e-02,-2.218122020665907329e-02,-1.221519566699635559e-02
3.168358939619127929e-02,-6.533545367351123456e-02,-1.909965899165745129e-03
7.496879189367328805e-04,5.900987870912962740e-04,3.751773345482408567e-02
2.514982792465864439e-02,-4.184458819194518051e-03,7.417588442313576003e-02
-3.152630824725528857e-02,3.303047084029994002e-02,4.068550679943501447e-03
2.185520896048549766e-02,5.499564068680552753e-03,-1.643454606841631901e-02
-3.786982394339118846e-02,2.588444466227265289e-02,-3.569740732675245193e-02
-2.799264112433262012e-03,-1.672489154291173161e-02,-2.131378632882992286e-02
-2.958685673455281606e-02,-4.628433495403954517e-02,-3.415275174825649351e-02
2.544014368472936188e-02,7.917074432039369197e-03,3.289670478357617500e-02
-1.900145111063192283e-04,-4.767875427338913452e-02,-1.603016095010859413e-02
4.192777651714960779e-02,-5.575409915678759126e-02,-1.644426609175456827e-02
1.913752818933480218e-02,5.277770064781941300e-02,4.397690768814260798e-02
-3.118275315184141847e-02,-1.240332320547111143e-02,3.058107328239761946e-02
6.885231022677027260e-03,4.911614862773535511e-02,-2.450835255018474906e-02
3.771181905385424110e-02,-1.458241480785718580e-02,-6.065044943853046405e-02
3.172967536746846423e-02,-4.109977011292203358e-02,-2.778889941214140666e-02
2.406915634858920738e-02,3.568711631430462883e-02,3.385189144239686421e-02
-2.892445836747413457e-02,2.311373102119525236e-02,-3.192514416970790997e-02
3.152039633641916250e-02,-3.256081897985228790e-02,-5.443747658436606102e-02
-4.634426794360369667e-02,3.195176529554089040e-03,2.095167137682257472e-02
4.698237819577129326e-02,-3.868858562083545699e-02,-3.597155842291623051e-02
2.789186318382520097e-02,-5.227636352231066624e-02,-2.872421807544370959e-02
2.985483330665913981e-02,2.230799475122046890e-02,2.364126146028756523e-02
4.033200116866307583e-02,9.406276984515470757e-03,6.458355194474353633e-02
-2.653743752842028028e-02,4.517755966216264324e-02,-2.001742350669582365e-02
-2.039735828266915629e-02,-1.569118499688320900e-01,-3.595127363735960840e-02
5.700681262759412643e-02,-2.931878858549125111e-02,-3.035841859848715379e-02
-1.930012428330981494e-02,4.510419331120574943e-02,9.920892678154854052e-03
6.257534251303624971e-03,-4.127813178112790804e-02,-3.793450456239964852e-02
-3.187218805876093630e-02,-2.513879990670142214e-02,-1.838572306085827640e-02
2.914068726628853481e-02,2.652189619860205808e-02,3.653235322994671103e-02
-5.668505628794966861e-02,-8.661854907856413391e-03,-5.631460407836968302e-02
-3.752874781641570012e-02,1.128919860668562286e-01,3.720566438194739672e-02
2.450548545975731948e-03,-5.781276024920365547e-02,-2.816879505859430990e-02
-7.519175700165552610e-03,1.725811675915393112e-02,-6.416553517647338722e-02
3.274087140426139991e-02,4.763100678890423711e-02,-3.056217898053973508e-02
2.538362342080563439e-02,-8.603775507321045554e-03,3.720162551071232171e-02
-5.505729046203763216e-02,1.668679672199025257e-02,1.855692390837820199e-02
-1.846178841391666117e-02,-8.942396741479820277e-03,-6.377754783652596349e-02
-1.844176308436468095e-03,1.180899303502668495e-02,-3.963148037309312949e-02
2.232621391845236551e-03,5.836699939050000313e-02,2.528149929900391432e-02
-3.030703260966643997e-02,8.067161733345216967e-02,5.537147001823828490e-02
3.095377505248310054e-02,1.097840552991663846e-02,-6.130685574662484566e-03
7.042283124087346524e-02,7.546111242194757096e-02,-7.996023544685251783e-02
1.477892963700998957e-02,-4.902016439016316368e-02,3.610901625835192391e-03
4.056506680601357911e-03,-8.002473180522100271e-02,9.176118978513310778e-03
1.685655832948255994e-02,-1.847729573329143227e-02,-3.418140734789051893e-02
-2.516391317994129059e-02,-3.302138595826965926e-03,-6.967534076879468297e-02
3.133928027609484551e-02,1.079241140278034729e-02,6.770156031630415565e-03
-3.305684733505442896e-02,-2.102257530553048107e-02,-5.778502978380280902e-02
-2.470867006905949279e-02,-3.967917593477281873e-02,-5.884626536474756725e-02
9.413295484006690972e-03,3.546790036086040765e-02,-2.647358269464068770e-02
-1.217634803650805356e-02,9.399965836022813187e-03,8.451591700736404283e-03
-9.907546744496424293e-03,4.810703473346125691e-03,4.243529199762152704e-02
1.141434891784538774e-02,-2.726453869385892653e-02,5.324199962527318558e-02
2.538820149592542139e-02,-1.262013080218245785e-02,-1.744177305076105230e-02
3.602009418131231488e-02,3.082963339389057505e-02,4.830966699048128837e-02
3.005554000811466037e-02,-1.895560127238823597e-02,7.475051288156149901e-03
-6.847423758476476989e-03,-2.972867083921187231e-02,-3.170967645389931831e-03
-3.406964823104467049e-02,-4.505245266427934658e-02,3.265228201099624333e-02
-3.040341700262259861e-02,-9.424513327684782768e-03,2.946153843574739889e-02
8.979854310828427888e-03,8.477063872897493135e-02,-9.933206117767660187e-03
1.120342330992439052e-02,-2.072916533195506839e-02,2.039197207000903456e-02
-2.296121360338857637e-02,3.370813108392319013e-02,2.126836844820181177e-02
3.775248003482260806e-02,2.421092258818816761e-02,-5.942529146805895779e-03
-3.889491907329048481e-02,2.634111069682150419e-02,3.647770272630954103e-02
-2.270667916532211755e-02,1.563557696703071764e-02,1.793124152883155548e-02
4.253481953049814690e-02,-4.311715542972096443e-02,-8.671662249051380333e-03
3.297875110057546522e-02,1.759116155503476220e-02,-2.987635583134569048e-02
-6.441883672293639840e-03,1.989190657526204026e-02,1.593466446247701618e-02
-2.963926846382165456e-02,-3.628446135792242483e-02,-3.512358820646199753e-02
4.196766720554168800e-02,-1.578697627333787781e-02,-8.584694090260535509e-03
4.388738454751813997e-03,-1.170444033852982707e-01,-2.603524751740970630e-02
1.786602405735730065e-02,2.759026663580078226e-02,-2.996521144054116806e-02
-1.898017524998771993e-03,3.658410176465177500e-03,-5.661710474049750502e-02
-2.926375432704200405e-02,4.176738571244748705e-02,2.800887669404548974e-02
9.086772815055887964e-02,-4.598173709044463264e-02,-3.723172225285874271e-02
-1.488628222984467175e-02,-6.240409820497907351e-02,1.492006164322375386e-02
3.555628907773854958e-02,4.092680756865441777e-02,-5.998197825898705579e-03
3.032729663883144966e-02,-5.681515005204731267e-02,-3.300327757345489915e-02
-1.946513945790962624e-02,8.229367550318396340e-03,7.803472003171541688e-03
-4.366195956122517069e-02,1.454145704768867488e-02,-4.657921445198021093e-02
-1.246775552628148764e-02,-5.393710014932199398e-02,-1.197606050021712484e-02
-1.730171196925713029e-02,-2.442152092775087477e-02,2.579653120213335274e-02
-4.800307484649907891e-02,-1.759457276589638380e-02,1.691563460619604359e-02
4.825720385665977635e-02,-3.688036076344769487e-03,-6.477870459189949415e-02
2.803201599584195791e-02,-3.656931739044215479e-02,-3.888834771322635664e-02
-3.651942353245116873e-02,-3.255237095801816194e-02,1.817198105159080479e-02
1.686070922760683419e-02,-2.582419175220221005e-02,-6.672416308773704285e-02
2.164628511898437566e-02,-1.470594075858460727e-02,2.729656281794749784e-02
8.859068391454441235e-03,3.994457282269010118e-02,-2.664149353684749921e-02
3.750775437033652959e-02,-5.751082172964095546e-02,-3.360814870710861907e-02
2.385713474236737450e-02,1.999063009399412727e-02,1.714258391340896942e-02
-4.869004364101924519e-03,-4.792799598217649393e-02,3.795135089747008611e-02
-2.540681047347563559e-02,-2.794212485911560032e-02,-1.736991624067280027e-02
3.046941559827047452e-02,-3.744827884494720399e-02,-8.223103415813655392e-02
3.330810291956817076e-02,-3.581057863455090751e-02,-6.248450974329278901e-02
1.136932566703451573e-02,-3.101149507938872479e-02,5.607841798256236326e-02
3.784374543112507122e-02,6.786919553408425620e-02,-1.933687448001016745e-02
-2.529953034903323697e-02,-7.778326280568482846e-03,-3.760217951769691258e-02
4.498557461159997592e-03,-3.289577468750708167e-02,-3.749290225234563206e-02
2.329334705507395825e-02,-9.933628866475047864e-04,2.577612364670657519e-02
6.160114516956903888e-03,-3.566305111675580064e-02,-2.432721654390651578e-02
7.646819624313026809e-02,3.164473301022559248e-02,-1.116922155924784769e-02
1.871959843096273821e-02,-1.826610864883447538e-02,6.195229796782602411e-02
-3.777957185863654865e-02,-3.274116886610574980e-03,9.356370497514199247e-03
9.284666922652628357e-03,-1.307974815413026279e-02,-9.936898934988931328e-03
-1.494989207808123874e-02,-2.780936074913690353e-02,-4.650972029579882559e-03
2.839573866623971640e-02,-2.428046887632245160e-02,-3.555265992699158800e-02
3.785043267111930232e-02,1.234295295958537722e-02,9.014535718466713810e-03
4.142474810382609091e-02,-3.864025756407962753e-02,9.678206998835463953e-03
-8.113074426083138890e-02,5.398563682077366262e-03,2.406297264604367880e-02
6.029961198752651491e-02,4.965599720157178737e-02,1.445777685895463342e-03
1.238872758485019647e-02,1.589228041160210044e-03,-1.271428679525541013e-02
3.520776180749658757e-02,-6.083795920535114282e-02,-5.109081473412804136e-02
-1.479677583763282234e-02,1.878084478278475161e-02,-5.760719032019708148e-03
-2.494024758258151647e-02,3.181733337228256908e-02,6.106707157320358931e-02
-3.378051987267990247e-02,1.126200849358486265e-02,-4.110459903159792427e-02
3.366669492895209281e-02,-4.814699956211351828e-02,-4.313685404777937299e-02
-3.786459036896613894e-02,3.106343869724136411e-02,1.989477929866763362e-02
3.977371879847423075e-02,-3.901556744014855055e-02,-1.825942118165648637e-02
-2.367189960781709845e-03,-9.143059979261045078e-02,-6.905682956118565363e-02
1.642798271391077494e-02,-9.317891152338228858e-03,-1.763468506303390165e-02
-3.939529573623330033e-02,-1.929575395120138731e-02,1.665338820470612172e-02
3.125117154000368186e-02,-5.292541689840322278e-02,4.977594961202642249e-02
2.546556304088685649e-02,9.181345664644175245e-03,-3.219918621065843284e-02
1.291027711238284387e-02,-3.673840543295255057e-02,3.907768198769952586e-03
-3.376451383383930003e-03,-6.372572339328572144e-02,3.353381436674163218e-02
-9.008369981121588932e-03,-7.400616358813992546e-02,-6.291633852755336431e-02
4.286426466295891607e-02,-5.658954072317837897e-02,-6.500237279457926273e-03
-7.876964548271793431e-02,-5.532980419449098214e-02,1.434357172069588432e-02
2.428260190520691031e-02,3.624199547250833708e-02,2.210244371064172195e-02
2.445470828490106316e-02,1.938183686779110931e-02,-5.954838743521884831e-02
1.741198441002414499e-02,3.013382496459791893e-02,5.903100025514573107e-02
3.079439427966547405e-02,5.174525991575634060e-02,-3.230298191450275275e-02
8.833134264656511414e-04,-5.630285005944758031e-02,-9.802885386595747499e-03
5.961026419321609898e-02,5.933181037004185004e-02,-1.124036609666170458e-02
-2.288927005302762024e-02,5.967345934237983790e-02,3.514225591967334861e-02
1.635204435911728760e-02,-7.121373661394277133e-02,2.758244539256353434e-02
1.711850788646383098e-02,2.616046931578295057e-02,2.238980869986624544e-02
1.188405426361758416e-04,-3.576669719802825359e-02,-2.570008919719891233e-02
3.339796110510112603e-02,-9.059099890148473305e-03,3.882692997268152868e-02
-2.923450460671746937e-02,-3.371762801966673995e-02,-4.003017339206402236e-02
8.029596020734101891e-02,-7.383900609630152101e-02,-2.086797613519507377e-02
-3.261803281232734768e-03,-6.726231836176600754e-02,-3.479181009416505016e-02
1.632591033538804970e-02,-3.058007901634163250e-02,-2.918729045914043169e-02
-1.789845607725689194e-02,1.232584653011095308e-02,-1.946107914121272472e-02
-6.390699536621025079e-02,2.765913543754805123e-02,2.288754564569139491e-02
1.153456976005980648e-02,7.874824138782784630e-03,3.642216086429815591e-02
-3.476989111260543608e-02,-2.066712819248570088e-04,-1.355594789043638483e-02
-8.475515775211414637e-02,-6.099566866631465217e-02,-3.135314629228265482e-02
1.944275548597646126e-03,-2.399573479987080968e-02,-1.713168062457527327e-02
-2.393024129554599880e-02,3.967975897630281884e-02,5.520048546784949578e-02
-7.442752809614412365e-03,3.649245839381447254e-02,-4.536399220972838625e-02
1.815941835834323712e-02,5.729677230719717324e-02,-2.757226066414586105e-02
1.834823439801263820e-02,-3.438785748062068992e-02,-1.698316602839120351e-02
-9.965772319193096085e-02,3.545990141395605894e-02,-7.247058007527702218e-03
2.095027016516964880e-02,4.418078640068884289e-02,1.406326773685226926e-02
7.130143696530968911e-02,7.356513658827653311e-03,1.612615380868538326e-02
-3.914052806396401546e-02,5.461383296443369367e-02,1.218489307442258140e-02
4.657483144650857720e-02,-5.951559097539006055e-02,1.079428636922187545e-02
-3.978247589683549246e-02,3.582387078523446150e-02,-3.566770849993600168e-02
-3.062369897515877099e-02,-1.718879650344888252e-02,-3.428963679201952469e-02
-3.546311614300073217e-02,-3.569258633397680985e-02,-1.687483169284485079e-02
-5.844775692610892220e-02,-2.835367121368965321e-02,-3.642501713330505153e-02
-3.721105126263176549e-02,3.046114664758357848e-02,-2.546776514618626953e-03
4.475916308924248951e-03,1.445305176766131794e-02,3.847406290052834965e-02
2.685172962879305361e-03,-6.383592098488319322e-02,-7.252011009948419740e-03
1.696234288334647414e-02,-7.640525891350876363e-03,-9.296822651641466206e-03
1.489941089810697256e-02,-6.023708653376644989e-02,-2.614095288582076251e-02
-3.526050568766269516e-02,3.703437668222678975e-02,2.552222140069129730e-02
-3.696015311085563970e-02,-1.751704011020868701e-02,-2.073353959147319556e-02
-5.136235843250543803e-02,4.206400139295419366e-02,5.445461185992523517e-02
1.344958291195278745e-02,-4.298827970363493928e-02,-8.580675996629687045e-04
-3.569057535172136947e-02,2.857970129990810432e-02,6.942944594220808174e-02
-2.924347051434549732e-02,-2.005958070915678237e-02,2.527445284003585965e-02
-3.882048088944562575e-02,-4.814362501291338282e-03,3.136955236225475591e-02
-3.607518150110042982e-02,-3.415844171592330968e-03,-4.051085701419952778e-02
-1.414879547315058689e-02,-5.479185492606145763e-02,1.701290004554093654e-02
9.089672494000787528e-02,-9.668136877973171339e-02,3.560311311025869674e-02
-7.591097781059006309e-03,-3.452499370808003593e-02,-2.615472728357330634e-02
-2.067985093878836264e-02,-2.620360879105738255e-02,-3.185624843801510703e-02
4.875990978713756058e-02,-7.158875108488024774e-02,2.068035372410684941e-02
-2.051763638077230140e-02,-4.029023952761784377e-02,-2.189990632876560178e-02
-2.679121743887542123e-02,-3.688558781132016129e-02,-3.313437332397792257e-02
-7.644747397567939855e-03,-4.397201234228891378e-03,2.693035537259334811e-02
-2.346018695001951190e-02,2.601905044977589204e-02,-3.783017199238305345e-02
1.130988827470368052e-02,-6.001501463360959382e-02,5.661069375506392470e-02
-5.717695817406476776e-03,-3.523087067623688166e-03,2.532598258068587474e-02
-4.990999014243450993e-02,1.254785366550959826e-02,-4.910992506521053708e-02
-1.732699650699117550e-02,-2.929426447570611727e-02,-3.622900310428512488e-02
-7.492934081396588827e-03,-5.055208762172803266e-02,3.662870255670270386e-02
5.478348244389493610e-02,1.390045468303317475e-02,8.884643315646173489e-03
4.941863378859677469e-02,2.761485600484687650e-02,-4.508540908481863813e-02
9.032392700219972481e-03,5.037674244414842156e-02,-2.808890030972456542e-02
5.370747415420060872e-02,3.673853450966057393e-02,-3.536172277893995936e-02
-5.511060324844379438e-02,5.333307062528369440e-03,-4.456522174685456639e-02
1.546432536905192889e-02,-3.160182686248324407e-02,-6.839945364665128008e-03
-3.556794671406952185e-02,2.179384586624526568e-02,4.778853233867644268e-02
2.504111084111649427e-02,-3.434192191908153752e-02,-4.102921178352722520e-02
-8.610789891013694020e-03,-2.533746672622859061e-02,2.014435260227265961e-02
3.209667093595968551e-02,1.900535068515090201e-02,5.544683151179313069e-02
-3.019981040959551777e-02,2.907125358147531757e-02,2.794411709325821114e-02
3.772232504630592537e-02,1.689498588683491231e-02,2.333682077995048731e-02
3.001160247444029094e-02,2.632702159822387228e-02,4.483535964263361297e-04
-2.228049355386398783e-02,-2.784232235026889990e-02,3.456001341161799023e-02
-3.670662473813302018e-02,-2.857642788282333673e-02,1.373784213702209690e-02
-5.027427854047838637e-03,-2.357276965054980883e-02,-4.636911426391170099e-02
-1.437279357097562792e-02,6.314924867345185489e-02,-2.404446675424690150e-02
3.713850077652063736e-02,9.431881031467806431e-02,-2.533168472339914282e-02
8.696179376483443441e-03,-4.990364426119642260e-02,-7.185079993086143299e-03
-8.663670610048579412e-03,5.073814879763464958e-02,4.173597310839750885e-02
1.201166305624984561e-02,-3.204657634334916877e-02,2.339424863247109576e-02
-2.376987476316863926e-02,-6.427493653491063441e-02,-7.332603079582057648e-02
-1.518111088403516218e-02,1.603909000758312400e-02,-7.698453445822642238e-02
2.319298929484760186e-02,-4.901156212502700421e-02,-2.842926003756258632e-02
-1.304186627623207112e-02,9.443052040070490719e-03,-2.915096537415569344e-02
1.715182295027319753e-02,2.034849768412727924e-02,-4.586601801521057731e-02
9.738153826575200733e-02,-3.116305788717797093e-02,5.292920207621012313e-02
-2.992177250973367814e-02,1.905219842117352250e-02,4.811891200906931454e-02
-1.467706023997266546e-02,-3.503336188764674675e-02,5.841171934895297152e-02
2.541139280357086489e-03,-2.483351979241169016e-02,2.290733716923179855e-02
-6.201771271193665634e-03,1.470284704779478702e-02,3.847579895394374200e-02
-1.458386365866843649e-02,-3.739041249463780775e-02,-2.482342592140978146e-02
-6.662005202146773636e-03,-4.036423701001606162e-02,3.725363933281175197e-03
-1.480372031849105062e-02,-3.778887232839386531e-03,3.774549783110984352e-02
-3.348914650285351319e-04,2.703663587162021681e-02,1.409586578157695676e-02
-6.805172077082984050e-02,-1.915401698414296791e-02,-3.988871378623268932e-02
-2.421088629926452726e-02,2.050963406541249021e-02,2.258180449449528893e-02
2.281416659629813271e-02,1.050551697549029044e-02,3.380442529041736976e-02
2.486359268273058767e-02,-3.789694494276355657e-02,-2.214964591536291126e-03
9.381183279346921866e-02,-3.697506890908015126e-02,-2.825128747569240900e-02
3.103487449533104403e-02,-1.644889532618597563e-02,-1.148040654963917821e-02
-2.952468303256183813e-03,3.108184888935848489e-02,1.096229304021819305e-02
3.283870244429700630e-02,-2.027163957187966270e-02,1.836396955540276626e-02
-3.331208115347827209e-02,-1.017681610322880986e-01,4.971593353456717213e-02
-6.356693749922346509e-03,4.596928919374031891e-02,-1.449191650290902397e-02
1.917737123538959879e-02,-3.551850220725383256e-02,-7.416845023237232486e-03
3.414355257981913777e-02,4.251570467455351859e-03,-1.077472016728283841e-02
9.221241585835029606e-04,-3.312281416889372582e-02,-2.128985839856991497e-02
-4.661821922894134745e-02,3.215619838047386464e-02,3.182708928970576223e-02
1.823518734459140395e-02,4.619682354115119127e-03,4.620245575114145797e-02
-1.275489668165135509e-03,-5.043933776567241511e-02,2.365179370599242506e-02
-4.509895058180534572e-02,-3.938149491125081392e-02,1.369134568655865948e-02
-4.631957779809078163e-02,3.028779628254880951e-02,-7.481847192335752683e-02
6.435944060558880520e-02,2.880775788733937193e-02,-5.294994522305338652e-02
-4.883467183676488965e-02,-1.725789127812122833e-02,-3.120633372394669702e-02
-1.757990451215552669e-02,5.347523670926458000e-02,6.728706618742710810e-03
-5.803210478403588585e-02,-6.176010682731645357e-02,-1.201432744095879898e-02
3.451174802568754418e-02,-1.016201619827614665e-02,1.320136746215614353e-02
1.267438494091279941e-02,-4.995336448715980565e-02,6.560284939498835233e-02
4.787808475837512789e-04,-2.612866579704207354e-02,-1.276872804717459411e-02
-1.015431113163619767e-03,-1.030987161083705000e-01,-3.432458707823839161e-02
-4.541385538270478056e-02,2.083130259917894550e-02,-2.746081061705771265e-02
-3.169324187316787528e-02,1.559219193879048809e-02,1.855842422846743639e-02
1.465655786030409594e-02,-6.384478135602553173e-02,4.275233220534398887e-02
2.059056939009091050e-02,-4.985021977475363741e-02,3.237951506442986876e-02
3.927773940431636066e-03,-4.755528097568623158e-02,-2.596971615383680820e-02
-1.612076661093201496e-02,-6.750826552940578096e-02,1.746712712037246096e-02
3.338433435638038516e-02,-4.723144021851866797e-02,-2.471300144903842890e-03
1.712340964169125485e-02,-3.482572090187286556e-02,3.778421887550618974e-02
-3.844461011393657951e-02,-6.819672715156104188e-03,-5.153570919701017800e-02
1.432343888486444991e-02,-2.147764457102309919e-03,-3.357874184369178533e-02
4.934708359963937280e-02,-1.501820233080731690e-02,-3.957105035167023110e-02
-2.577032759988123756e-02,-3.542571601540052406e-02,3.763700186301791734e-02
-3.543549250796548811e-02,-1.321763819103184967e-01,2.244647793674663973e-03
-3.157170037603880541e-02,2.280202831973726987e-02,-1.098710734147654092e-02
-2.162650139278893963e-02,-3.295845737489183636e-02,-4.731882748531996558e-02
-1.834108728961912280e-02,1.431511511706313675e-02,-7.007142268737635502e-04
7.125596117222381121e-02,-9.161451167759501746e-02,1.976083166533504354e-02
4.436456602112786446e-02,-2.632735044993526549e-02,6.543028095542694628e-03
-1.934230516859339680e-02,-4.050084406380717594e-02,-1.627754645835283523e-02
5.738133155494579314e-04,2.392581589030434198e-03,3.605153109228019515e-02
-3.054494356588551701e-02,2.054573801544172691e-03,-8.679393934002087568e-04
8.090642248656439509e-03,-5.299386989387331465e-02,-1.638051554899194739e-02
-6.791523173918172229e-02,2.568073178694891059e-02,3.527221345264670849e-02
3.487114062633785844e-02,-3.627515409027878834e-02,-3.644972532078109145e-02
-1.199417437739038958e-03,-3.448100426388423650e-03,-2.258776635871401206e-02
-2.122834880917838160e-02,-2.850213073238457018e-02,3.331373146387749118e-02
2.269377617270451966e-02,6.111106162871325631e-03,-1.001300405068087686e-02
8.472400540619314663e-03,1.366891313505319214e-02,-8.702755299212801277e-02
-1.580777186144192645e-02,-3.504395727537849836e-02,-3.357244238977023093e-02
-2.344740661769515594e-03,-3.921578749369134670e-02,3.503142761818110046e-02
-3.124680812724273463e-02,-2.524259557139588855e-02,6.045448257059832936e-02
3.451143469605945369e-02,3.598065654553421477e-02,3.619465080245809485e-02
5.137518822074751794e-03,-4.093952485557764143e-02,-1.864430368661167473e-02
-5.316397198837772425e-02,2.523066867858833606e-02,2.728491191872738780e-02
-5.335688112330781024e-02,-3.136630935655942976e-02,-3.929283071365241575e-02
-4.589933913493961237e-02,2.802918853786321579e-02,3.999931284061720299e-02
-2.153483997692277885e-02,2.026469000911236898e-02,-3.566827825618930359e-02
3.563061819622934112e-02,4.166608316566239312e-02,4.144307909202529783e-02
2.649168430084363965e-02,-2.018366174352648201e-02,-8.856768136941171182e-03
2.961850472986245902e-02,-6.616173605558589577e-02,-1.123772006782856325e-01
-7.572157427818697328e-02,-7.242213806448570546e-02,3.601254002052307196e-02
1.612073651178298414e-02,-8.337990174399491361e-03,-5.135169191155818103e-02
1.882850015364179695e-04,6.822242164475153525e-02,-3.976867766362274237e-02
5.982119122567917252e-02,-1.036076956069140360e-02,2.681508498481935399e-03
3.456085306219992132e-02,-1.765987150566667926e-02,-1.023862122858075659e-02
-9.131968614695879990e-03,-5.089695451989759145e-02,-3.151608305225696294e-02
4.037941398744292892e-02,-4.982111460249272900e-02,3.213913331305422866e-02
3.702824774744807590e-02,-8.068782211974162002e-04,3.736095700665474466e-03
-1.171619205825662896e-02,-1.937912584951873018e-02,-2.048008572237275046e-02
1.198715858986963700e-02,-6.934155434139178953e-02,-2.255625677413592226e-02
-3.661012684479227064e-02,2.079007257766050248e-02,-1.327195364682499414e-02
-3.393750655635280333e-02,-2.795579134764499332e-02,-5.498951640935658552e-02
3.970750506901660724e-03,3.729526569501547678e-02,7.852986209635411108e-02
6.649011421917913611e-02,-3.986718018113206280e-02,-1.834514264396988614e-02
-2.341022688926212500e-02,3.920902548059247705e-03,-4.173495218607502157e-04
-3.023013920819520722e-02,-3.237767866991016902e-02,-3.442848655423970394e-02
3.554141164033843003e-02,-9.795525009167230582e-03,7.666950703005374033e-03
-3.042240423650924980e-02,-2.694671876509941930e-02,-6.002124969972075924e-02
-3.505198171147332759e-02,3.477301809073637257e-02,2.495105457768937926e-02
-1.189513090498246946e-02,-6.615222539126476564e-02,1.677783154525800194e-02
-4.963610737335805850e-02,3.138775442585881731e-02,-1.119145423871584569e-02
-5.746359454615405232e-02,5.356209104548238092e-02,2.773433795303619637e-02
3.038493294379430304e-02,-3.315582087630714048e-02,3.363605144649460532e-02
5.900511163161796351e-03,-5.741578412713611163e-02,-8.125429039465862854e-03
2.848738671988557819e-02,-9.484655041775219564e-02,-7.732310836823733102e-02
-2.206039444491481386e-02,-2.243541754680030906e-02,-1.071317525574301197e-02
4.492534263496971575e-02,-1.083702981000513911e-02,1.923450027170361953e-02
3.436560829067565603e-02,-6.746909283154916767e-03,-3.671994766214817241e-02
-2.265761652723575353e-02,-5.972021577152381543e-03,8.887998607894562197e-03
3.546228151656886929e-02,-3.758122640961631018e-03,-3.650974903063376048e-02
-1.079626473539745113e-01,1.412445671727347810e-03,1.252009146236761350e-02
3.292732692506763342e-02,-5.295218982239863897e-02,-4.537798526980076769e-02
2.470624345056220139e-02,-4.352922795734921746e-02,6.555618061926895071e-03
-3.262025955429848773e-02,-3.393124190737814398e-03,9.849331073191775355e-04
3.059242349925923865e-02,-3.447119568781440574e-02,-2.111536171632085596e-02
9.438828664821373102e-03,4.596380484643369790e-02,-9.253877107941300625e-03
3.570960140640484087e-02,-5.248792787072028426e-02,6.357414991892032519e-03
3.420070830750149976e-02,-2.109123844151191904e-02,-9.993591586078418021e-03
3.046436705509454612e-02,3.294653184445144045e-02,7.042419447602157878e-02
-3.413609435548518867e-02,5.050292801130287779e-02,5.455946290910498528e-03
-4.986885818529698811e-02,-4.075697004480235280e-03,2.123516640579824200e-02
-1.024923282785617906e-03,1.062917397262689266e-02,-8.839281592214472821e-03
3.425582006577490568e-02,-3.771975816733567216e-02,-4.217745759561185998e-02
2.873737202815239422e-02,-3.564729264275126597e-02,-5.520566103856156676e-02
2.836427333757655933e-02,-1.020016659360856309e-01,7.921503328111950681e-03
-1.056683671320910248e-02,-3.576143815801022946e-02,5.307929335317466274e-02
4.731396364274222111e-02,-6.568397235132134027e-02,-3.982748680695444299e-02
-7.590008028990836986e-02,3.303478919619536741e-02,3.859700507214776019e-03
7.220775788897279557e-02,-1.272523274430326611e-02,1.527491029557270438e-02
9.609126774639933921e-02,4.467518576262257714e-03,-4.969069349261510254e-02
-3.889076758282811880e-02,1.630568374120467540e-02,2.610279406080855472e-02
-1.270625868831898320e-02,-2.858211771240848700e-02,2.265307054970238515e-02
-1.753298347631719600e-02,-3.039768071804466523e-02,3.358747966071056607e-02
3.559473015178135635e-02,-2.654402004395085141e-03,-6.961455491941537232e-02
2.184491224873091539e-02,-3.557069806066012752e-02,-3.396808029841106441e-02
5.151082870902447264e-02,-1.764101467843339974e-02,-4.941007542124039968e-03
-3.141810439369337182e-02,3.247694720255132894e-02,4.161881653190717401e-02
1.792812371595118789e-02,-9.329863650060273711e-03,1.782193876451016595e-02
-4.891524891761362542e-02,3.916937807528238918e-02,3.636907172871496619e-02
-2.795594023195739630e-02,-3.107235639935806461e-03,8.824847705667701603e-02
4.858570974847104679e-02,-2.715802747093457037e-02,-6.041116980718792134e-02
-8.964685686060661421e-03,-1.092295719594297068e-02,4.041182362976992321e-02
-3.515971981786786271e-02,2.672176503917675361e-02,2.423751261066739091e-02
-7.659521902978842778e-02,-2.176579547559857886e-02,1.678955517926509350e-02
3.375339185459072522e-02,9.051403816146174480e-03,5.362581876451370105e-02
2.964887888135719560e-02,-9.760839479983584015e-04,-1.407828916194599905e-02
2.531623775550703379e-02,-3.180757298061361732e-02,-3.703039672513101094e-02
3.366806886065207283e-02,2.430339096182378839e-02,7.295079221402014924e-02
2.421003822994435145e-02,-6.345289982802973516e-02,-1.121419654387704676e-02
-3.941736318248960369e-02,-6.189712177854032188e-02,5.316750163374822646e-03
3.497487188613777193e-02,-2.686906696607238229e-02,1.676021152950631782e-02
5.895333339585490801e-02,-3.015847072650204574e-02,-3.478486250228623317e-02
7.574994071053331446e-02,-2.468204513907219094e-02,1.194300931028555342e-02
-4.254566597078464352e-03,-4.668797080582953729e-02,-3.181581373237152288e-02
-1.595792545133941850e-02,-4.136948300667014911e-02,-3.043742978812498737e-02
5.122234479372438087e-02,1.402251129387957311e-02,3.892216621664097709e-02
5.322927890951711233e-02,-3.743698672575521830e-02,3.578062087742196751e-02
-3.214611258219527562e-02,3.922144895436131817e-02,5.425005389617350987e-02
-3.304864969091242388e-02,3.171876131262888615e-02,7.922547305139562845e-02
4.561660465891740485e-02,-4.660164737123982659e-02,-3.905046180387184568e-02
2.152242644235162136e-02,-5.936706480600017349e-02,-2.961546526832841905e-02
-3.939268570853041856e-02,-3.439012768808424880e-02,3.121795761696940369e-02
1.469464264661211536e-02,3.467757538561720004e-02,1.427609528889201701e-02
-7.532844930877255832e-03,-3.773924477409009576e-02,2.103237670930033568e-02
-4.707757008526126247e-02,-5.270930276291483502e-02,3.479259758397378749e-02
1.719459609570968966e-02,3.484356155671405192e-02,-1.382466645452025758e-02
4.750463109743174178e-02,-1.198064401425892739e-01,6.295517061598502814e-03
-6.336143170366051805e-03,2.775193199167770922e-02,3.872632149292718623e-02
6.522031402594115346e-02,3.970055683680477621e-02,-3.322086870466169767e-02
2.577628949241991818e-02,9.229989053874238479e-04,-5.243119401779271216e-02
-2.445779410740266807e-03,-2.103828867036199035e-02,5.014372221270804036e-02
1.270936107860840339e-03,-5.951603799028702332e-03,-6.252406641459679060e-02
1.232422194165540448e-02,1.425114864357179476e-02,2.456852770164271588e-02
-3.331090876129585293e-02,5.304471843143954840e-02,4.715227467617276458e-02
2.970674865242536877e-02,7.316496956468954843e-03,-8.223039233801059111e-02
-2.663852091949740764e-02,-2.540533473363780839e-02,2.654500655848633650e-02
4.635661204162657562e-02,-7.537007234707078507e-02,-3.228192976433052336e-02
2.081451269581803543e-02,-2.423473654413334233e-02,-6.571714555612069575e-02
-5.001839449152829797e-02,-1.851597264168185555e-03,3.505867162265618314e-02
-9.763284656364733943e-03,2.039911839451364044e-03,5.304674338541322254e-03
-3.816963280524694746e-02,-5.916129498024326645e-03,6.764968906078454303e-02
-2.169359045350827478e-02,-4.677297324078683732e-02,2.402169231857876133e-02
2.996930714768213447e-02,-6.655462117548987047e-03,1.678140765175994975e-02
6.687234501550295973e-02,-7.634317891375512477e-02,-2.221332292978916989e-02
3.957835525857995168e-02,-2.376688716671956220e-02,6.871800160149979519e-02
3.218337864431770196e-02,-9.744883119618642786e-02,-1.019917163696127185e-02
-2.352038584863290135e-02,3.977305294733917557e-02,3.593860255974199586e-02
-9.765358889049922247e-03,-3.713264080831969044e-02,1.354530436452552021e-02
-2.387291569830366292e-02,-3.245403264635599028e-02,-3.478833423858054136e-02
-2.582943321689729413e-02,9.975550627368517942e-03,-2.299324053040672361e-02
2.867233621837112292e-02,-5.148293432134962155e-02,5.747069734275776082e-05
-2.381672985251380784e-02,-4.667237056199167317e-02,3.566698359235869614e-02
-1.440155018092898094e-02,-5.920318422095068728e-02,-3.401870995715616103e-02
2.359132319240017650e-02,-5.647128770229413626e-03,7.251297870013123648e-02
3.831551730068599726e-02,-2.501792461022122466e-02,5.994658710387913009e-02
-1.934030012814771243e-02,-5.714591313277506829e-02,1.397820610682090278e-02
-2.961208804735839667e-02,-6.600371273810809805e-03,4.421127548147662373e-02
-2.832254681564507978e-02,-4.420382701670057951e-02,2.109232442693223172e-02
4.181400618452706629e-03,-9.711803919223893633e-02,-2.863374054895147236e-02
4.107556480788372016e-02,-3.054828373001602926e-02,3.403735577640801951e-02
4.263459609784015641e-02,-1.469655973724085796e-01,-1.092445615169783391e-02
3.630356084024988217e-02,-9.221534493751526451e-02,-6.006935669777434955e-02
-3.579422972282848489e-03,-4.680926694243618680e-02,-3.767057176323360124e-02
-2.376513492844620212e-02,1.928096496760107678e-02,-5.784755502188217852e-02
-2.470915990793456224e-02,2.311775457478442222e-02,3.167982886741248921e-02
-3.652185956536258687e-02,1.045276967099788151e-01,-1.016231646640315157e-02
-4.228193450239069000e-03,4.751959833599966182e-02,-1.407141749864875349e-02
-3.250491302398565013e-02,1.050657175711442771e-02,-6.578418168141643430e-02
-2.204767698811683704e-02,2.016861851716645129e-02,5.299467597979758832e-02
5.649886156809819787e-02,-3.039297823286325750e-02,-3.226018384849350246e-02
3.445610759753038252e-03,-7.091300758105482938e-02,-3.401872543755307676e-02
-1.761709201399687744e-02,9.180052673136901431e-03,-8.259207365090619202e-02
2.197737442432300820e-03,-1.259314760436203717e-01,2.251043817620223750e-02
2.826670593420992778e-02,-2.082408558324831335e-02,7.653178343303934650e-02
3.297756047908553811e-02,1.375712697526924183e-02,-1.225595133936670071e-02
-9.019084256949350120e-02,-3.303787006055365627e-02,7.906246307103101389e-02
3.453171021332942375e-02,-1.073682953768295562e-01,-5.515849816850301041e-02
3.397666041269203907e-02,1.431798951734432161e-02,-6.144232196404223606e-02
1.309199226864013466e-02,-9.310330409621228598e-02,8.982117041133212687e-02
1.182297528064261624e-02,-4.499475825090234332e-02,-2.601817374135068431e-02
3.782041439524225224e-02,6.087560534341337343e-02,-2.420565380955759082e-03
3.048119046853474401e-02,-1.110199966307780749e-02,2.855953809845251240e-02
2.794677047068805723e-02,-4.568152498894845204e-02,-5.256828537830264547e-03
1.248985369222664794e-03,-4.891944950046615836e-02,-1.499521577323173205e-01
3.432745741824254349e-02,-1.756039157704797175e-03,3.512126153964013897e-02
-3.733444850752824784e-02,-2.280451229843903204e-03,-3.341863476394982962e-02
2.603972647782034147e-02,-9.125848964982087932e-03,3.300374467242295218e-02
-1.617549776670382938e-02,-4.676516143075167692e-02,1.563194829897295805e-03
1.870988092685453574e-03,-3.702061170185579064e-02,-1.393920265401298042e-03
2.008576096614909413e-03,-1.732969238908334264e-02,-6.298650052952394461e-03
-3.796760943566240051e-03,-1.649054646944003027e-02,1.021468994450626736e-02
3.407739848956627127e-02,-3.128866894515843627e-02,-6.311277428381716938e-03
-3.591828052839839136e-02,3.512078963474545880e-03,1.751663192802105362e-02
7.542268423349295266e-03,1.025549844396033382e-02,4.750839546944003733e-02
-7.105641306440039356e-03,-4.356722267227174789e-02,-4.552409948507336185e-02
-3.923059963423117941e-02,3.138010721873405601e-02,-3.698409796619847589e-02
2.811869329918196755e-02,-2.044268876364118206e-02,3.851401525552381605e-02
3.134360982764961695e-02,-7.572028476321698842e-02,2.214364333022197581e-02
-4.476717602992540124e-02,-9.472802339770823241e-03,3.366836825311718406e-02
5.971634340223503506e-02,2.877870260380923847e-02,1.688917419817051804e-02
-4.463968905024324335e-02,1.569474691961598653e-03,3.241631246228345725e-02
2.605296852955797660e-02,-3.372548203086083579e-02,-8.070771390974544601e-02
4.541768609804183038e-02,-5.174880640783628000e-02,-2.926931347429797409e-02
-2.721473990188447503e-02,-3.294706113541379100e-02,-5.254738522017889102e-03
2.159745045820862103e-03,2.535205385614145226e-02,3.066184808869538980e-02
9.300987957369893575e-03,-3.055134783210473881e-02,2.290933577768805574e-02
3.396613164572214599e-02,-3.801340171178491795e-02,3.776782514037980987e-02
2.537785114723157404e-02,-2.569648364077822822e-02,-6.630377058008878055e-02
3.930523870997729152e-02,-3.817832259898324559e-02,5.706241739047716172e-03
2.616880809467890534e-02,3.066507047092478094e-02,-7.606208225239631526e-02
6.158523618046775165e-03,-1.432668538081560521e-02,5.276957985817371660e-02
-9.122542582637560571e-03,-1.434326779321850806e-02,-1.908968086960363339e-02
-3.363311044420400769e-02,-3.775717629317772162e-02,-2.316149136580100340e-02
-4.436533347956359702e-02,-5.317128629082384234e-03,-2.001024106712101513e-03
2.435254199193674987e-02,-1.070724255909361877e-01,-5.228545465293779615e-02
-4.475319542292929137e-02,-6.379896019790760875e-02,3.815758654870222283e-02
2.452151645502883073e-02,2.383080561053716601e-02,-5.706874500768226860e-02
-1.331645421729994727e-02,2.227227441433116129e-02,1.087143797181680006e-02
-4.574115735197424593e-02,2.712552920702835518e-02,-6.759652089977620515e-02
1.425197955789386448e-02,2.737934169117193020e-02,-5.872837341412535245e-02
5.241925883006561676e-03,-2.494180022488513837e-02,1.217223335886704200e-01
1.439543339218854641e-02,4.913878038496639900e-03,1.524386360257996842e-02
1.460101498134723230e-01,3.278491600796281519e-02,-6.378613463738044831e-02
-1.193628966773695177e-02,-3.057809847884260246e-02,1.439135436533117186e-02
4.347931566499339123e-02,-3.632458016194519551e-02,2.402773934442545885e-03
3.951530383812273256e-02,-6.729078792018586275e-02,-2.466421891166947766e-02
-1.156004035972755112e-01,6.873225158509377666e-03,3.576878506496418419e-02
-5.624560877483598606e-03,-5.014785675499405099e-02,-2.364895849881454293e-02
-3.713515369926048693e-03,-1.947969425207128971e-03,-5.217611203862259489e-02
-3.950332526972268748e-02,-3.137030117260948547e-02,6.393461008164370678e-03
5.154615496915196382e-02,-2.035061322849453930e-02,2.643930766688148276e-02
1.520744902595480216e-03,3.529505373375007443e-02,1.064557360350122661e-02
-8.095888340450330123e-02,-2.896795663018876879e-02,-1.084389802129316106e-02
-5.691055616096576085e-03,1.590300398914260699e-02,-3.095205792904719058e-04
-5.863547294382038394e-02,3.776075516622066919e-02,3.838021234331630976e-02
-3.827708133553392456e-02,4.466338262822737437e-02,-3.225017117418191998e-02
3.365379524125099858e-02,3.742037438299779251e-02,3.231693936796341954e-02
-4.985797961456974597e-02,3.977075589744886314e-02,-1.238132153662301928e-02
5.524613220525943086e-02,-8.206115660990541405e-02,-9.420378709235691095e-02
-4.255168346142201158e-02,7.841363894251223918e-03,2.425357463663600083e-02
2.940731274550963115e-02,7.094127417945557054e-03,5.098391498103082425e-02
-8.396084355363750418e-03,-5.067580248287163053e-02,1.804884981218111972e-02
-3.371138838195284620e-02,-4.880423410889064839e-02,1.939938102449522209e-02
-6.451957410415591621e-04,1.697909427314782133e-03,1.925052898428952775e-02
-3.528088996923996884e-02,7.687367682657002613e-03,2.685619375863945377e-02
-3.460748467868446365e-02,-3.175088835251607677e-02,-6.093308897525408913e-02
-3.928022235081743418e-02,-4.344034855672766066e-02,-6.708861388344603861e-03
5.742543911200597567e-02,-2.007545958560104718e-02,-2.994005074417966511e-02
8.505561370376255037e-02,-2.773010908917623862e-02,-1.465515125336085134e-02
2.671797812613020337e-03,-3.288738523563625171e-02,-1.434965058421472373e-02
1.031705538841981400e-02,3.266316173665092387e-02,-3.234825375094896316e-03
-3.677462858523333766e-02,-2.444443943545493783e-02,2.152775984616032100e-04
-3.881006560515451453e-02,-4.637989708411306700e-02,2.124260804496740443e-02
-2.102259506041379358e-02,-3.780952225620291124e-02,-4.706824530703888898e-02
-8.009693488743896070e-03,-3.616850183628686488e-03,5.494279470260902271e-02
3.174299124962942642e-02,9.853981987853008967e-03,-3.478809071879310905e-02
8.795797441717382453e-04,-5.437665870404870955e-03,-5.100092456410847824e-02
-2.141143912161156543e-02,-1.945763890453045680e-02,4.605947483182167707e-02
3.020099717243616977e-02,-4.178699845755137754e-02,-3.420358636111259232e-02
-3.054566375688422958e-02,-4.429390795533177244e-02,5.169725883190803839e-02
-2.417250922933155376e-03,-3.444527673777701693e-02,3.405970441291551049e-02
-2.973383009310624422e-02,-9.065416562065257977e-02,-1.195115655289448117e-02
-1.374873532609737978e-05,-8.202995481710226300e-02,-7.509229206627273528e-03
2.308333922860433818e-02,2.704243464812591813e-02,3.135132660746856731e-02
-2.129031090071630689e-02,-3.565051022072267956e-02,-1.894895539302076173e-02
-6.210458192186921189e-03,6.391216962775089772e-02,-1.295590620792738679e-02
-3.998525709063614070e-02,-2.337034682839308347e-02,-1.644213801762712049e-02
-4.591069848009581011e-02,4.006221413517514068e-02,3.394211130539477508e-03
-1.476538954512091398e-02,2.557128744218291685e-02,3.456231899338868541e-02
2.050046808800222355e-03,6.318018807167302686e-02,-5.972531802983490484e-02
3.298749353175454979e-02,-3.411281968624426536e-02,-4.443433869838692152e-02
4.514990196847998294e-02,2.878690286717421748e-02,-5.976005013401114799e-03
-1.428393222445846142e-02,-1.360282441785243962e-02,2.715101523280783608e-02
-1.695100074641906970e-02,3.398791987817028487e-02,-6.151396900278821925e-03
3.592784230268372681e-02,-2.417616821511229391e-02,-2.705696854979668803e-02
-2.739231747429884262e-02,-2.248398525437681275e-02,-3.963810759245975368e-02
3.176278798001691030e-03,2.682737724482924663e-02,4.073739923023952242e-02
2.712922104617027097e-02,-1.458513348796174058e-02,-1.479412302676158184e-02
2.583057891436631864e-02,-1.863274413430517779e-02,6.117077829798597127e-02
-3.848052679760317896e-02,-1.127987911989905730e-02,7.826903160481168964e-02
6.194558994665488177e-02,-3.341952045273604427e-02,-3.210364021569590137e-02
-8.540033100562364685e-03,-5.193792215414909375e-02,3.197088473541840475e-02
1.588415608503198490e-02,-7.793130595291172802e-02,-1.445236334114329696e-02
8.109765330229187427e-03,3.012064869887381632e-02,-5.123791769325682088e-03
-3.138556129895372915e-02,-3.125994524452304496e-02,-1.134244804728267234e-02
5.039522508330439299e-02,-5.586084610680524393e-02,-1.100022037842628662e-02
-4.092858875408937613e-02,1.818105180106117241e-02,9.530464197812922589e-02
-2.332745962848382232e-02,-4.498875912382794412e-02,3.127252994655151282e-03
-4.764397665068494103e-02,-4.388428523095704720e-02,-5.037787749579607233e-02
2.818856294845480115e-02,-9.003399930094238557e-02,3.892324044043884296e-02
-4.439315240095976361e-02,-2.562995900914531028e-02,1.266436909222630035e-03
-1.064049082468699475e-02,-7.422620872080787358e-02,-5.991174708020858414e-02
-2.865569020314155321e-02,-1.323950177266584871e-01,-7.946716655209883073e-02
3.398226526756308735e-02,-4.505832273669250349e-02,3.734342162674855227e-03
-6.226811113173972428e-02,-7.559484938322355574e-02,-1.625599985922534726e-02
-3.439340142449808652e-02,7.585596545869977003e-02,-2.127457513721590573e-02
3.084534513589926030e-02,4.593198269372024412e-02,5.724919044970046972e-02
3.934055221177509137e-02,-4.104545214255727985e-03,-3.874694880727978102e-02
-4.540669554937598607e-02,-2.025661979164818105e-02,3.612926002293184724e-02
-1.229603124226465588e-01,-3.520858256340362452e-02,2.794670954291070264e-02
-5.547903430201344549e-02,-9.529303288740305355e-03,-3.406947347595128475e-03
3.915624999795036185e-03,-4.400549787584488726e-02,-8.589990955657061944e-02
4.797154066719130222e-02,-1.882498758961163171e-02,-5.494686657447495244e-03
8.937115315640620228e-04,-1.669624069415222983e-02,6.774712241835943727e-02
7.681217044142719941e-02,2.272270560082916696e-02,-2.755593464040610036e-02
5.918445879706825223e-03,5.066458271070451921e-04,4.410672732472640731e-04
3.493175358088677213e-02,-1.116533601947166526e-02,-6.282208866024915905e-02
8.036260828590945787e-03,-3.049170893808028984e-02,-5.440108116304265620e-03
1.642025429563213207e-02,-7.904352167769639059e-02,-4.056974326026045741e-02
5.605681351835652831e-02,3.322280183816589405e-02,2.889985345608227230e-02
2.017145198264742867e-02,-6.282257758761028432e-02,-1.991161966465004353e-03
-4.913426702863464557e-02,-1.254354588557751726e-02,1.998415176054171502e-02
-1.821741430388327393e-02,-3.322347792368001568e-02,-1.891440788923035368e-02
3.046569579412831269e-02,-2.092776710542833610e-02,-3.955185854789920047e-02
-2.688845426191130775e-02,-3.809744359206948539e-02,-3.964115462828803754e-02
6.359112415489214312e-03,-6.315322747557552963e-02,3.454823458597480051e-02
1.970439874124570515e-03,-7.888435268509508269e-02,-1.796493447672280891e-03
5.599763466791458227e-02,3.564376501311027762e-02,-2.806641165087243872e-02
3.214498546761425379e-02,2.985480270362318028e-02,2.968692227428265662e-02
6.238771908944669257e-03,2.950191302130388687e-02,1.243769212157530037e-02
-6.092004665761775045e-02,5.943893463502023661e-02,6.308926767206997008e-03
-2.709475460778150435e-02,4.545442922520061962e-02,-2.706669122456838855e-02
7.899532979240730945e-03,8.538240579159087768e-03,-4.188630050851370468e-02
2.430714283685147907e-03,1.177156953887458293e-02,3.422031786194677794e-02
3.734744684953447691e-02,-2.873579762034032814e-02,3.670886172723384494e-02
2.490660019995899477e-02,-6.485505777039662911e-02,-4.269625741513620454e-02
-2.106744478307664981e-02,-4.392415685314886298e-02,7.062845618271639501e-03
-1.546835872116473706e-02,-6.282346190744925174e-02,-2.262493325540934630e-02
4.711372624340975923e-02,-4.950074268844523867e-02,3.119141933483906073e-02
1.265557227494532554e-02,-1.612797192466582791e-02,3.953219739062804883e-02
2.483998512750974774e-02,-5.805511916926100330e-02,-3.865844493627538375e-02
-9.326174401575093934e-03,1.115852462137265251e-02,3.429771228651814358e-02
1.322178610293081591e-02,-3.022341978317859279e-02,-7.473670235577451609e-03
5.161759219921750741e-02,3.888069890311635773e-02,4.599241431329614826e-02
-8.156639315833356940e-02,-2.334146351076625547e-02,3.111409477406647597e-02
-5.563288110621856380e-02,-1.780189486622658999e-03,-3.498288830278555028e-02
-6.095075859064271601e-02,-3.005230366236177203e-02,1.441437819652394321e-02
-3.905320713376755210e-02,4.260488914374543912e-02,-9.097248153382045399e-03
-3.556362461877525527e-02,-3.927705785400081862e-02,2.732202082312905605e-03
-3.647008876471639210e-02,-7.706978309468007216e-02,1.037437579049794306e-02
-2.625257508919198735e-02,2.032765117312394093e-02,3.694738224743170790e-02
-1.536996898877088583e-02,1.230432947551774597e-02,5.402078694988458191e-02
5.520902417090632272e-04,-2.346197494762290031e-02,1.015262190063394125e-02
5.641979380437658204e-02,-5.662617653473705701e-03,2.579038424361689355e-02
3.364999659980947438e-02,-7.203088607451345327e-02,-3.071404317915685592e-02
-2.334704490364473278e-02,-3.409378225524859612e-02,2.638475295202957066e-02
3.626493986293556626e-02,1.056269536423908029e-02,-3.188427185422169213e-02
7.167058792308694803e-02,-2.029169072616256869e-02,2.577204404844038108e-02
5.563079985865212324e-02,-3.122371784025941566e-02,-9.191660723838139535e-03
5.200285108520080746e-02,3.962313662600202430e-02,3.802604741227848945e-02
1.779969233151638616e-02,-4.959727060400934834e-04,-5.204775921895233443e-02
